序号,业务模块,事件名称,PWA状态,haven状态,PWA调用文件,haven调用文件,参数比对,PWA独有参数,haven独有参数,共同参数,命名建议
2,用户注册流程 (Onboarding),pwa_login_success,✅ 已实现,✅ 已实现,src/hooks/useGoogleAuth.ts:173,src/context/AccountLifecycle.ts:226,⚠️ 参数有差异,user_id,error_reason,,
3,用户注册流程 (Onboarding),pwa_login_failed,✅ 已实现,✅ 已实现,src/hooks/useGoogleAuth.ts:110 | src/hooks/useGoogleAuth.ts:194 | src/hooks/useGoogleAuth.ts:200,src/context/AccountLifecycle.ts:228,⚠️ 参数有差异,message,,error_reason,
4,用户注册流程 (Onboarding),pwa_onboarding_username_page_show,✅ 已实现,✅ 已实现,src/pages/Onboarding/Username.tsx:41,src/prod/onboarding/OnboardingUsername/index.tsx:46,两端均无参数,,,,
5,用户注册流程 (Onboarding),pwa_onboarding_username_page_confirm,✅ 已实现,✅ 已实现,src/pages/Onboarding/Username.tsx:89,src/prod/onboarding/OnboardingUsername/index.tsx:108,✅ 参数一致,,,user_name,
6,用户注册流程 (Onboarding),pwa_onboarding_age_page_show,✅ 已实现,✅ 已实现,src/pages/Onboarding/Age.tsx:29,src/prod/onboarding/OnboardingAge/index.tsx:33,两端均无参数,,,,
7,用户注册流程 (Onboarding),pwa_onboarding_age_page_confirm,✅ 已实现,✅ 已实现,src/pages/Onboarding/Age.tsx:63,src/prod/onboarding/OnboardingAge/index.tsx:143,✅ 参数一致,,,user_age,
12,用户注册流程 (Onboarding),pwa_onboarding_location_page_show,✅ 已实现,✅ 已实现,src/pages/EditZipCode/index.tsx:63,src/prod/onboarding/OnboardingZipcode.tsx:199,两端均无参数,,,,
13,用户注册流程 (Onboarding),pwa_onboarding_location_page_confirm,✅ 已实现,✅ 已实现,src/pages/EditZipCode/index.tsx:101,src/prod/onboarding/OnboardingZipcode.tsx:266,✅ 参数一致,,,zipcode,
18,用户注册流程 (Onboarding),pwa_onboarding_photo_page_show,✅ 已实现,✅ 已实现,src/pages/Onboarding/Photo.tsx:41,src/prod/onboarding/OnboardingPhoto/index.tsx:48,两端均无参数,,,,
19,用户注册流程 (Onboarding),pwa_onboarding_photo_page_select_photo_success,✅ 已实现,✅ 已实现,src/pages/Onboarding/Photo.tsx:62,src/utility/UserUtil.ts:93,⚠️ 参数有差异,"is_camera, photo_count",newAvatarUri,result,
22,用户注册流程 (Onboarding),pwa_onboarding_photo_page_confirm,✅ 已实现,✅ 已实现,src/pages/Onboarding/Photo.tsx:217,src/prod/onboarding/OnboardingPhoto/index.tsx:147,两端均无参数,,,,
23,用户注册流程 (Onboarding),pwa_reg_photo_save_success_click,✅ 已实现,✅ 已实现,src/pages/Onboarding/Photo.tsx:159,src/prod/onboarding/OnboardingPhoto/index.tsx:108,✅ 参数一致,,,"avatar_index, photo_count",
25,用户注册流程 (Onboarding),pwa_onboarding_upload_photo_page_server_success,✅ 已实现,✅ 已实现,src/pages/Onboarding/Photo.tsx:205,src/utility/UserUtil.ts:134,⚠️ 参数有差异,"message, success",,,
26,用户注册流程 (Onboarding),pwa_onboarding_upload_photo_page_server_failure,✅ 已实现,✅ 已实现,src/pages/Onboarding/Photo.tsx:209,src/utility/UserUtil.ts:143,✅ 参数一致,,,"message, success",
27,用户注册流程 (Onboarding),pwa_onboarding_success,✅ 已实现,✅ 已实现,src/pages/Onboarding/index.tsx:163,src/context/AccountLifecycle.ts:254 | src/prod/onboarding/OnboardingContainer/index.tsx:368,两端均无参数,,,,
28,用户注册流程 (Onboarding),pwa_google_login_button_click,✅ 已实现,✅ 已实现,src/pages/Onboarding/Username.tsx:49,src/prod/onboarding/Onboarding/index.tsx:97,两端均无参数,,,,
29,用户注册流程 (Onboarding),pwa_reg_photo_open_album,✅ 已实现,✅ 已实现,src/pages/Onboarding/Photo.tsx:91,src/prod/onboarding/OnboardingPhoto/index.tsx:178,两端均无参数,,,,
30,用户注册流程 (Onboarding),pwa_reg_photo_select,✅ 已实现,✅ 已实现,src/pages/Onboarding/Photo.tsx:56,src/prod/onboarding/OnboardingPhoto/index.tsx:71,✅ 参数一致,,,"is_cancel, selected_count",
31,用户注册流程 (Onboarding),pwa_reg_photo_audit_result,✅ 已实现,✅ 已实现,src/pages/Onboarding/Photo.tsx:182,src/prod/onboarding/OnboardingPhoto/index.tsx:130,✅ 参数一致,,,"age_qualified, beauty_score, pass",
32,用户注册流程 (Onboarding),pwa_reg_photo_click_next,✅ 已实现,⚠️ 已定义未调用,src/pages/Onboarding/Photo.tsx:163,,—,,,,
33,转化漏斗 (Conversion Funnel),pwa_ad_cashout_click,✅ 已实现,✅ 已实现,activity/getallmylinks.js:62,src/prod/home/ad/AdHome.tsx:59,两端均无参数,,,,
34,转化漏斗 (Conversion Funnel),pwa_ad_cashout_click_non_chrome,✅ 已实现,✅ 已实现,activity/getallmylinks.js:64,src/prod/home/ad/AdHome.tsx:63,两端均无参数,,,,
37,转化漏斗 (Conversion Funnel),web_ads_link_page_show,✅ 已实现,✅ 已实现,activity/getallmylinks.js:30,src/prod/home/ad/AdHome.tsx:31,两端均无参数,,,,
38,转化漏斗 (Conversion Funnel),web_ads_link_page_show_non_chrome,✅ 已实现,✅ 已实现,activity/getallmylinks.js:32,src/prod/home/ad/AdHome.tsx:33,两端均无参数,,,,
39,转化漏斗 (Conversion Funnel),web_login_page_show,✅ 已实现,✅ 已实现,src/pages/Login/index.tsx:37,src/prod/onboarding/Onboarding/index.tsx:133,两端均无参数,,,,
40,转化漏斗 (Conversion Funnel),web_login_page_google_success,✅ 已实现,✅ 已实现,src/hooks/useGoogleAuth.ts:177,src/hooks/useGoogleAuth/index.ts:107 | src/utility/GoogleAuthUtils.ts:86,⚠️ 参数有差异,user_id,,,
41,转化漏斗 (Conversion Funnel),web_login_page_google_failed,✅ 已实现,✅ 已实现,src/hooks/useGoogleAuth.ts:111 | src/hooks/useGoogleAuth.ts:195 | src/hooks/useGoogleAuth.ts:203,src/utility/GoogleAuthUtils.ts:58 | src/utility/GoogleAuthUtils.ts:74,⚠️ 参数有差异,"error_reason, message",,,
42,转化漏斗 (Conversion Funnel),web_login_page_carousel_1_show,⚠️ 已定义未调用,✅ 已实现,,src/prod/onboarding/OnboardingWaiting.tsx:15,—,,,,
43,转化漏斗 (Conversion Funnel),web_login_page_carousel_1_click,⚠️ 已定义未调用,⚠️ 已定义未调用,,,—,,,,
44,转化漏斗 (Conversion Funnel),web_login_page_carousel_2_show,⚠️ 已定义未调用,✅ 已实现,,src/prod/onboarding/OnboardingWaiting.tsx:43,—,,,,
45,转化漏斗 (Conversion Funnel),web_login_page_carousel_2_click,⚠️ 已定义未调用,⚠️ 已定义未调用,,,—,,,,
46,转化漏斗 (Conversion Funnel),web_login_page_carousel_3_show,⚠️ 已定义未调用,✅ 已实现,,src/prod/onboarding/OnboardingWaiting.tsx:70,—,,,,
47,转化漏斗 (Conversion Funnel),web_login_page_carousel_3_click,⚠️ 已定义未调用,⚠️ 已定义未调用,,,—,,,,
48,转化漏斗 (Conversion Funnel),web_install_page_show,✅ 已实现,✅ 已实现,activity/installToClaim.js:27,src/prod/install/InstallToClaimPage.tsx:104,两端均无参数,,,,
49,转化漏斗 (Conversion Funnel),web_install_page_click,✅ 已实现,✅ 已实现,activity/installToClaim.js:72,src/prod/install/InstallToClaimPage.tsx:72,两端均无参数,,,,
50,转化漏斗 (Conversion Funnel),web_install_clip_show,✅ 已实现,✅ 已实现,activity/installToClaim.js:87,src/prod/install/install.ts:79,两端均无参数,,,,
51,转化漏斗 (Conversion Funnel),web_install_clip_clicked,✅ 已实现,✅ 已实现,activity/installToClaim.js:99,src/prod/install/install.ts:90,两端均无参数,,,,
52,转化漏斗 (Conversion Funnel),web_install_dismiss,✅ 已实现,✅ 已实现,src/services/pwaInstall.ts:101 | activity/installToClaim.js:106,src/prod/install/install.ts:93,两端均无参数,,,,
53,转化漏斗 (Conversion Funnel),web_install_timeout,✅ 已实现,✅ 已实现,src/services/pwaInstall.ts:97,src/prod/install/install.ts:88,两端均无参数,,,,
54,转化漏斗 (Conversion Funnel),web_install_success,✅ 已实现,✅ 已实现,src/services/pwaInstall.ts:67 | activity/installToClaim.js:160,src/prod/App.tsx:146,两端均无参数,,,,
55,转化漏斗 (Conversion Funnel),web_install_failed,✅ 已实现,✅ 已实现,activity/installToClaim.js:116,src/prod/install/install.ts:44,两端均无参数,,,,
87,提现流程 (Cashout),pwa_withdraw_task_complete,✅ 已实现,✅ 已实现,src/hooks/useTask.ts:232,src/utility/withdrawTracking.ts:18,⚠️ 参数有差异,"earnedAmount, new_balance, origin_balance, task_id, task_reward",,,
88,提现流程 (Cashout),pwa_withdraw_audit_apply,✅ 已实现,✅ 已实现,src/components/CashoutProcessingModal.tsx:106,src/utility/withdrawTracking.ts:28,⚠️ 参数有差异,,"task_ids, withdraw_amount",,
92,任务系统 (Tasks),pwa_home_cash_task_show,✅ 已实现,⚠️ 已定义未调用,src/pages/Home/CashoutTaskCard.tsx:30,,—,,,,
93,任务系统 (Tasks),pwa_home_cash_task_click,✅ 已实现,⚠️ 已定义未调用,src/pages/Home/CashoutTaskCard.tsx:48,,—,,,,
94,任务系统 (Tasks),pwa_home_cash_task_result,✅ 已实现,⚠️ 已定义未调用,src/hooks/useTask.ts:241,,—,,,,
124,视频通话 (Video Call),pwa_video_call_received,✅ 已实现,⚠️ 已定义未调用,src/utils/webCallManager.tsx:290,,—,,,,
125,视频通话 (Video Call),pwa_video_call_accepted,✅ 已实现,⚠️ 已定义未调用,src/utils/webCallManager.tsx:199,,—,,,,
128,视频通话 (Video Call),pwa_video_call_started,✅ 已实现,❌ 缺失,src/utils/webCallManager.tsx:454,,—,,,,
131,视频通话 (Video Call),pwa_call_connected,✅ 已实现,✅ 已实现,src/utils/webCallManager.tsx:447,src/prod/live/call/AVCallContext.tsx:1626 | src/prod/live/call/AVCallContext.tsx:2127,⚠️ 参数有差异,"call_type, remote_user_id, room_id",,,
139,视频通话 (Video Call),pwa_call_error,✅ 已实现,⚠️ 已定义未调用,src/utils/webCallManager.tsx:546,,—,,,,
159,聊天功能 (Chat),pwa_chat_send_message,✅ 已实现,✅ 已实现,src/pages/ChatDetail/ChatFooter.tsx:26,src/prod/chat/autopilot/RecommendReplyContext.tsx:314,⚠️ 参数有差异,message_length,"earning_value, is_critical_attack, reply_type","message_content, target_user_id, target_user_type, total_earning_value",
163,聊天功能 (Chat),pwa_chat_send_gift,✅ 已实现,✅ 已实现,src/pages/ChatDetail/GiftList.tsx:66,src/prod/chat/chat_detail/ChatDetail.tsx:407,⚠️ 参数有差异,"gift_category, gift_cost, gift_id, gift_level",,"price_cents, target_user_id, target_user_type, total_earning_value",
207,社交功能 (Social),pwa_game_entry_click,⚠️ 已定义未调用,✅ 已实现,,src/prod/games/GameProvider.tsx:229,—,,,,
211,权限请求 (Permissions),pwa_perm_camera_request,✅ 已实现,⚠️ 已定义未调用,src/utils/permissions.ts:52,,—,,,,
214,权限请求 (Permissions),pwa_perm_mic_request,✅ 已实现,⚠️ 已定义未调用,src/utils/permissions.ts:70,,—,,,,
220,权限请求 (Permissions),pwa_perm_location_request,✅ 已实现,⚠️ 已定义未调用,src/utils/permissions.ts:88,,—,,,,
228,个人中心 (Profile),pwa_mepage_change_avatar_click,✅ 已实现,✅ 已实现,src/pages/Me/index.tsx:44,src/prod/profile/ProfileBase.tsx:163,两端均无参数,,,,
248,转化计划 (Conversion Plan),pwa_conv_lp_show,✅ 已实现,✅ 已实现,activity/getallmylinks.js:23,src/prod/home/ad/AdHome.tsx:37,两端均无参数,,,,
249,转化计划 (Conversion Plan),pwa_conv_lp_clickButton,✅ 已实现,✅ 已实现,activity/getallmylinks.js:55,src/prod/home/ad/AdHome.tsx:42,⚠️ 参数有差异,,"trackConfig, user_plan",,
278,转化计划 (Conversion Plan),pwa_conv_cash_out_clickButton,✅ 已实现,✅ 已实现,src/pages/Cashout/StageTaskContainer.tsx:43,src/prod/cashout/CashOutAnimModalProvider.tsx:279,⚠️ 参数有差异,"current_cash, ready_for_cashout, stage_amount",,,
288,转化计划 (Conversion Plan),pwa_conv_entry_coin_click,✅ 已实现,✅ 已实现,src/components/TopBar.tsx:77,src/components/PaymentProgressProps.tsx:59,⚠️ 参数有差异,current_cash,,,
289,转化计划 (Conversion Plan),pwa_conv_entry_paypal_click,✅ 已实现,✅ 已实现,src/pages/Cashout/PaymentMethodCard.tsx:71,src/prod/cashout/CashoutPageV2.tsx:336,⚠️ 参数有差异,has_paypal_account,,type,
290,转化计划 (Conversion Plan),pwa_conv_entry_visa_click,✅ 已实现,✅ 已实现,src/pages/Cashout/PaymentMethodCard.tsx:88,src/prod/cashout/CashoutPageV2.tsx:349,⚠️ 参数有差异,has_paypal_account,,,
291,转化计划 (Conversion Plan),pwa_conv_entry_amazon_click,✅ 已实现,✅ 已实现,src/pages/Cashout/PaymentMethodCard.tsx:112,src/prod/cashout/CashoutPageV2.tsx:363,⚠️ 参数有差异,has_paypal_account,,,
292,转化计划 (Conversion Plan),pwa_conv_entry_bank_click,✅ 已实现,✅ 已实现,src/pages/Cashout/PaymentMethodCard.tsx:136,src/prod/cashout/CashoutPageV2.tsx:377,⚠️ 参数有差异,has_paypal_account,,,
295,转化计划 (Conversion Plan),pwa_conv_live_stop_click,✅ 已实现,✅ 已实现,src/pages/Live/LiveExitPopup.tsx:12,src/prod/live/LiveTab.tsx:162,两端均无参数,,,,
296,转化计划 (Conversion Plan),pwa_conv_live_stop_cancel,✅ 已实现,✅ 已实现,src/pages/Live/LiveExitPopup.tsx:18,src/prod/live/LiveTab.tsx:173,两端均无参数,,,,
297,转化计划 (Conversion Plan),pwa_conv_live_start_click,✅ 已实现,✅ 已实现,src/pages/Live/PreLiveView.tsx:69,src/prod/live/LiveTab.tsx:289,⚠️ 参数有差异,"is_app, permission_denied",,,
302,转化计划 (Conversion Plan),pwa_conv_call2_end_click,✅ 已实现,✅ 已实现,src/pages/MockCall/index.tsx:72,src/prod/classify/CallTestPage.tsx:79 | src/prod/classify/CallTestPage.tsx:97,两端均无参数,,,,
303,转化计划 (Conversion Plan),pwa_conv_call2_end_confirm,✅ 已实现,✅ 已实现,src/pages/MockCall/index.tsx:50,src/prod/classify/CallTestPage.tsx:202,两端均无参数,,,,
304,转化计划 (Conversion Plan),pwa_conv_verify_step_click,✅ 已实现,✅ 已实现,src/pages/VerifyPhoto/index.tsx:72 | src/pages/VerifyPhoto/index.tsx:104,src/hooks/useTask/index.ts:480,⚠️ 参数有差异,step_type,,,
305,转化计划 (Conversion Plan),pwa_conv_verify_page_show,✅ 已实现,✅ 已实现,src/pages/VerifyPhoto/index.tsx:47,src/prod/onboarding/VerifyPhoto.tsx:372,两端均无参数,,,,
306,转化计划 (Conversion Plan),pwa_conv_verify_btn_click,✅ 已实现,✅ 已实现,src/hooks/useVerifyPhoto.ts:200,src/prod/onboarding/VerifyPhoto.tsx:106,⚠️ 参数有差异,"has_picked_new_photo, verify_method",,,
307,转化计划 (Conversion Plan),pwa_conv_verify_success,✅ 已实现,✅ 已实现,src/hooks/useVerifyPhoto.ts:57 | src/hooks/useVerifyPhoto.ts:264,src/prod/onboarding/VerifyPhoto.tsx:162 | src/prod/onboarding/VerifyPhoto.tsx:272,⚠️ 参数有差异,"biz_id, biz_no, verify_method",,,
308,转化计划 (Conversion Plan),pwa_conv_verify_fail,✅ 已实现,✅ 已实现,src/hooks/useVerifyPhoto.ts:64 | src/hooks/useVerifyPhoto.ts:75 | src/hooks/useVerifyPhoto.ts:238 … (+2),src/prod/onboarding/VerifyPhoto.tsx:128 | src/prod/onboarding/VerifyPhoto.tsx:136 | src/prod/onboarding/VerifyPhoto.tsx:154 … (+4),⚠️ 参数有差异,"biz_id, fail_reason, message, verify_method",,,
309,转化计划 (Conversion Plan),pwa_conv_final_apk_pop_show,✅ 已实现,✅ 已实现,src/components/showApkDownloadModal.tsx:62,src/prod/task_detail/install_apk_task_detail.tsx:154,两端均无参数,,,,
310,转化计划 (Conversion Plan),pwa_conv_final_apk_download_click,✅ 已实现,✅ 已实现,src/components/showApkDownloadModal.tsx:81,src/prod/task_detail/install_apk_task_detail.tsx:50,两端均无参数,,,,
311,转化计划 (Conversion Plan),pwa_conv_final_apk_pop_close,✅ 已实现,✅ 已实现,src/components/showApkDownloadModal.tsx:66,src/prod/task_detail/install_apk_task_detail.tsx:160,两端均无参数,,,,
312,转化计划 (Conversion Plan),pwa_conv_settle_fail_quick_hangup_show,✅ 已实现,✅ 已实现,src/components/CallTooShortModal.tsx:25,src/prod/live/call/AVCallContext.tsx:1836,两端均无参数,,,,
313,转化计划 (Conversion Plan),pwa_conv_settle_fail_no_face_show,✅ 已实现,✅ 已实现,src/hooks/useMockCall.tsx:359,src/prod/live/call/AVCallContext.tsx:1842,两端均无参数,,,,
401,收益系统 (Earnings System),pwa_earnings_page_show,✅ 已实现,✅ 已实现,src/pages/Earning/index.tsx:22,src/prod/home/Home.tsx:112,两端均无参数,,,,
402,收益系统 (Earnings System),pwa_earnings_page_tab_show,✅ 已实现,✅ 已实现,src/pages/Earning/index.tsx:23,src/prod/income/IncomePage.tsx:91,两端均无参数,,,,
403,收益系统 (Earnings System),pwa_earnings_page_tab_click,✅ 已实现,✅ 已实现,src/components/TabBar.tsx:78,src/prod/home/Home.tsx:86,两端均无参数,,,,
404,收益系统 (Earnings System),pwa_earnings_records_page_show,✅ 已实现,✅ 已实现,src/pages/Records/index.tsx:23,src/prod/record/RecordList.tsx:93 | src/prod/earnings/EarningDetailCards/index.tsx:132,✅ 参数一致,,,date,
405,收益系统 (Earnings System),pwa_earnings_detail_date_click,✅ 已实现,✅ 已实现,src/pages/Earning/index.tsx:29,src/prod/earnings/EarningDetailCards/index.tsx:193,✅ 参数一致,,,date,
408,收益系统 (Earnings System),pwa_earnings_finish_profile_click,✅ 已实现,✅ 已实现,src/hooks/useTask.ts:435,src/hooks/useTask/index.ts:538,两端均无参数,,,,
409,收益系统 (Earnings System),pwa_earnings_finish_profile_complete,✅ 已实现,✅ 已实现,src/pages/Setting/Profession.tsx:77,src/prod/profile/ProfileTask/ProfileTaskContainer.tsx:216 | src/prod/profile/ProfileTask/ProfileTaskContainer.tsx:325,⚠️ 参数有差异,replace,,,
410,收益系统 (Earnings System),pwa_earnings_record_audio_click,✅ 已实现,✅ 已实现,src/components/VoiceTaskModalContent.tsx:24 | src/components/VoiceTaskModalContent.tsx:32,src/hooks/useTask/index.ts:513 | src/hooks/useTask/index.ts:517 | src/hooks/useTask/index.ts:521 … (+2),⚠️ 参数有差异,"action, voice_type",,scene,
411,收益系统 (Earnings System),pwa_earnings_record_audio_complete,✅ 已实现,✅ 已实现,src/components/VoiceRecordModalContent.tsx:215,src/prod/task_detail/RecordVoiceGreetingDetail.tsx:414,⚠️ 参数有差异,"duration, task_id, voice_type",,,
412,收益系统 (Earnings System),pwa_earnings_apk_installation_mission_clicked,✅ 已实现,✅ 已实现,src/hooks/useTask.ts:376,src/hooks/useTask/index.ts:451,⚠️ 参数有差异,apk_install_task_status,,,
413,收益系统 (Earnings System),pwa_earnings_apk_installation_mission_brief_page_show,✅ 已实现,✅ 已实现,src/components/showApkDownloadModal.tsx:57,src/prod/task_detail/index.tsx:50,⚠️ 参数有差异,,from,,
414,收益系统 (Earnings System),pwa_earnings_apk_installation_install_button_clicked,✅ 已实现,✅ 已实现,src/components/showApkDownloadModal.tsx:74,src/prod/task_detail/install_apk_task_detail.tsx:142,✅ 参数一致,,,apk_install_task_status,
424,收益系统 (Earnings System),pwa_earning_ins_task_page_one_click,✅ 已实现,✅ 已实现,src/components/showInsModal.tsx:38,src/prod/ins/InsTaskDetail.tsx:49,⚠️ 参数有差异,,ins_authorize_task_status,current_ins_task_step,
425,收益系统 (Earnings System),pwa_earning_ins_task_page_two_click,✅ 已实现,✅ 已实现,src/components/showInsModal.tsx:52,src/prod/ins/InsTaskDetail.tsx:32,⚠️ 参数有差异,,ins_authorize_task_status,current_ins_task_step,
426,收益系统 (Earnings System),pwa_earning_ins_task_complete,✅ 已实现,✅ 已实现,src/hooks/useTask.ts:265,src/hooks/useTask/index.ts:112 | src/prod/ins/InsTaskDetail.tsx:98,两端均无参数,,,,
429,AI新手引导 (AI Onboarding),pwa_ai_onboarding_reward_toast,✅ 已实现,✅ 已实现,src/components/showRewardModal.tsx:39,src/prod/cashout/EarnCashModal.tsx:99,✅ 参数一致,,,reward_money,
431,AI新手引导 (AI Onboarding),pwa_ai_avatar_afk_reward,✅ 已实现,✅ 已实现,src/stores/offlineEarningsStore.ts:73,src/store/earnings/offlineEarningsAtoms.ts:80,✅ 参数一致,,,"afk_reward, afk_time, current_afk_reward",
432,AI新手引导 (AI Onboarding),pwa_ai_avatar_earnings_pop_up_show,✅ 已实现,✅ 已实现,src/components/OfflineEarningsModal.tsx:23 | src/hooks/useOfflineEarnings.tsx:15 | src/hooks/useOfflineEarnings.tsx:21,src/context/OfflineEarningsContext.tsx:63 | src/context/OfflineEarningsContext.tsx:69,⚠️ 参数有差异,"idle, instagram, total",,"reward_amount, reward_type",
433,AI新手引导 (AI Onboarding),pwa_ai_avatar_earnings_pop_up_click,✅ 已实现,✅ 已实现,src/components/OfflineEarningsModal.tsx:36,src/context/OfflineEarningsContext.tsx:82 | src/context/OfflineEarningsContext.tsx:88,⚠️ 参数有差异,total,,"reward_amount, reward_type",
434,AI新手引导 (AI Onboarding),gc_apk_ai_onboarding_reward_toast,🖥️  服务端,✅ 已实现,,src/prod/cashout/EarnCashModal.tsx:95,—,,,,
439,Instagram集成 (Instagram Integration),pwa_ins_authorize_task_status,✅ 已实现,✅ 已实现,src/components/showInsModal.tsx:40 | src/components/showInsModal.tsx:54,src/hooks/useTask/index.ts:227 | src/prod/ins/InsTaskDetail.tsx:34 | src/prod/ins/InsTaskDetail.tsx:50 … (+1),⚠️ 参数有差异,status,ins_authorize_task_status,current_ins_task_step,
440,Instagram集成 (Instagram Integration),pwa_ins_request_pop_up_show,✅ 已实现,✅ 已实现,src/components/InsExchangeModal.tsx:31,src/prod/chat/autopilot/RecommendReplyGlobalContext.tsx:91 | src/hooks/useInsTaskInit/index.tsx:254,⚠️ 参数有差异,request_count,"request_ids, request_user_amount",,
441,Instagram集成 (Instagram Integration),pwa_ins_request_pop_up_click,✅ 已实现,✅ 已实现,src/components/InsExchangeModal.tsx:40 | src/components/InsExchangeModal.tsx:62,src/components/IGExchangeApplication.tsx:100 | src/components/IGExchangeApplication.tsx:121,⚠️ 参数有差异,"action, ins_account, order_id, request_count, total_earnings","request_ids, request_user_amount",,
442,Instagram集成 (Instagram Integration),pwa_instagram_request_message_initiative,✅ 已实现,✅ 已实现,src/hooks/useInsTaskInit.ts:214,src/store/ins/insExchangeAtoms.ts:542,⚠️ 参数有差异,order_id,,"requested_amount, target_user_id",
443,Instagram集成 (Instagram Integration),pwa_instagram_request_message_passive,✅ 已实现,✅ 已实现,src/hooks/useInsTaskInit.ts:256,src/prod/chat/chat_detail/GlobalChatLogic.ts:82 | src/prod/chat/chat_detail/message_components/InsMessageComponent.tsx:137,⚠️ 参数有差异,"from_user_id, order_id",,"current_status, requested_amount, target_user_id",
444,Instagram集成 (Instagram Integration),pwa_instagram_request_message_passive_click,✅ 已实现,✅ 已实现,src/pages/ChatDetail/InsExchangeBubble.tsx:103,src/prod/chat/chat_detail/message_components/InsMessageComponent.tsx:177 | src/prod/chat/chat_detail/message_components/InsMessageComponent.tsx:212,⚠️ 参数有差异,order_id,,"click_button, requested_amount, target_user_id",
445,Instagram集成 (Instagram Integration),pwa_instagram_reward,✅ 已实现,✅ 已实现,src/components/showInsModal.tsx:63,src/store/ins/insExchangeAtoms.ts:246,⚠️ 参数有差异,task_id,"ins_reward_amount, target_user_id",instagram_reward_type,
446,Instagram集成 (Instagram Integration),pwa_afk_sys_request_pop_up_show,✅ 已实现,✅ 已实现,src/components/InsAuthPermissionModal.tsx:29,src/store/ins/insExchangeAtoms.ts:146,两端均无参数,,,,
447,Instagram集成 (Instagram Integration),pwa_afk_sys_request_pop_up_click,✅ 已实现,✅ 已实现,src/components/InsAuthPermissionModal.tsx:67,src/store/ins/insExchangeAtoms.ts:131,⚠️ 参数有差异,action,,,
448,人脸验证 (Face Verification),pwa_face_liveness_detection_page_show,✅ 已实现,✅ 已实现,src/contexts/FaceIdContext.tsx:152,src/prod/faceid/FaceIdManager.ts:105,两端均无参数,,,,
449,人脸验证 (Face Verification),pwa_face_get_face_id_token,✅ 已实现,✅ 已实现,src/contexts/FaceIdContext.tsx:112,src/prod/faceid/FaceIdProvider.tsx:102,✅ 参数一致,,,time,
450,人脸验证 (Face Verification),pwa_liveness_detection_result,✅ 已实现,✅ 已实现,src/contexts/FaceIdContext.tsx:202 | src/contexts/FaceIdContext.tsx:226 | src/contexts/FaceIdContext.tsx:249,src/prod/onboarding/VerifyPhoto.tsx:124 | src/prod/onboarding/VerifyPhoto.tsx:249 | src/prod/onboarding/VerifyPhoto.tsx:276 … (+1),✅ 参数一致,,,result,
451,人脸验证 (Face Verification),pwa_scan_face_result_page_show,✅ 已实现,✅ 已实现,src/pages/VerifyPhoto/SuccessCard.tsx:15,src/prod/onboarding/VerifyPhoto.tsx:343,两端均无参数,,,,
455,人脸验证 (Face Verification),pwa_verify_photo_page_show,✅ 已实现,✅ 已实现,src/pages/VerifyPhoto/index.tsx:49,src/prod/onboarding/VerifyPhoto.tsx:371,两端均无参数,,,,
456,人脸验证 (Face Verification),pwa_verify_photo_page_verify_click,✅ 已实现,✅ 已实现,src/hooks/useVerifyPhoto.ts:204,src/prod/onboarding/VerifyPhoto.tsx:105,两端均无参数,,,,
457,人脸验证 (Face Verification),pwa_verify_photo_page_upload_new_photo_click,✅ 已实现,✅ 已实现,src/hooks/useVerifyPhoto.ts:128,src/prod/onboarding/VerifyPhoto.tsx:324,⚠️ 参数有差异,source,,,
458,人脸验证 (Face Verification),pwa_verify_photo_beauty_score,⚠️ 已定义未调用,✅ 已实现,,src/prod/onboarding/VerifyPhoto.tsx:148 | src/prod/onboarding/VerifyPhoto.tsx:255,—,,,,
461,个人资料任务 (Profile Tasks),pwa_profile_task_interest_tag_show,✅ 已实现,✅ 已实现,src/pages/Tags/index.tsx:40,src/prod/profile/ProfileTask/ProfileTaskInterestTag.tsx:43,两端均无参数,,,,
462,个人资料任务 (Profile Tasks),pwa_profile_task_interest_tag_continue,✅ 已实现,✅ 已实现,src/pages/Tags/index.tsx:70,src/prod/profile/ProfileTask/ProfileTaskContainer.tsx:184,✅ 参数一致,,,tags,
463,个人资料任务 (Profile Tasks),pwa_profile_task_interest_tag_skip,✅ 已实现,✅ 已实现,src/pages/ProfileTask/SkipTaskButton.tsx:18,src/prod/profile/ProfileTask/ProfileTaskContainer.tsx:287,两端均无参数,,,,
464,个人资料任务 (Profile Tasks),pwa_profile_task_bio_show,✅ 已实现,✅ 已实现,src/pages/Bio/index.tsx:39,src/prod/profile/ProfileTask/ProfileTaskBio.tsx:27,两端均无参数,,,,
465,个人资料任务 (Profile Tasks),pwa_profile_task_bio_continue,✅ 已实现,✅ 已实现,src/pages/Bio/index.tsx:56,src/prod/profile/ProfileTask/ProfileTaskContainer.tsx:181,✅ 参数一致,,,bio,
466,个人资料任务 (Profile Tasks),pwa_profile_task_bio_skip,✅ 已实现,✅ 已实现,src/pages/ProfileTask/SkipTaskButton.tsx:20,src/prod/profile/ProfileTask/ProfileTaskContainer.tsx:284,两端均无参数,,,,
467,个人资料任务 (Profile Tasks),pwa_profile_task_profession_show,✅ 已实现,✅ 已实现,src/pages/Setting/Profession.tsx:48,src/prod/profile/ProfileTask/ProfileTaskProfession.tsx:32,两端均无参数,,,,
468,个人资料任务 (Profile Tasks),pwa_profile_task_profession_continue,✅ 已实现,✅ 已实现,src/pages/Setting/Profession.tsx:65,src/prod/profile/ProfileTask/ProfileTaskContainer.tsx:189,✅ 参数一致,,,profession,
469,个人资料任务 (Profile Tasks),pwa_profile_task_profession_skip,✅ 已实现,✅ 已实现,src/pages/ProfileTask/SkipTaskButton.tsx:22,src/prod/profile/ProfileTask/ProfileTaskContainer.tsx:290,⚠️ 参数有差异,"state, taskMode",,,
473,个人资料任务 (Profile Tasks),pwa_profile_task_finish_show,✅ 已实现,✅ 已实现,src/pages/Setting/Profession.tsx:75,src/prod/profile/ProfileTask/ProfileTaskContainer.tsx:267,两端均无参数,,,,
482,个人资料任务 (Profile Tasks),pwa_profile_create_post_click,✅ 已实现,✅ 已实现,src/pages/Me/index.tsx:55,src/prod/feed/CreatePostPage.tsx:231,两端均无参数,,,,
483,APK安装 (APK Installation),pwa_apk_install_show,✅ 已实现,✅ 已实现,src/components/showApkDownloadModal.tsx:56,src/prod/task_detail/index.tsx:51,⚠️ 参数有差异,,from,,
484,APK安装 (APK Installation),pwa_apk_install_click,✅ 已实现,✅ 已实现,src/components/showApkDownloadModal.tsx:73,src/prod/task_detail/install_apk_task_detail.tsx:146,⚠️ 参数有差异,,from,,
485,APK安装 (APK Installation),pwa_apk_install_task_status,✅ 已实现,✅ 已实现,src/hooks/useTask.ts:302 | src/hooks/useTask.ts:380,src/hooks/useTask/index.ts:222 | src/prod/task_detail/install_apk_task_detail.tsx:143,✅ 参数一致,,,apk_install_task_status,
490,Live直播系统 (Live System),pwa_live_start,✅ 已实现,✅ 已实现,src/pages/Live/PreLiveView.tsx:106,src/prod/live/SelfieFrame.tsx:39 | src/prod/live/LiveTab.tsx:52,✅ 参数一致,,,platform,
491,Live直播系统 (Live System),pwa_live_close,✅ 已实现,✅ 已实现,src/hooks/useLive.ts:57,src/prod/live/LivePage.tsx:364 | src/prod/live/LiveTab.tsx:157 | src/prod/live/call/AVCallPage.tsx:227,⚠️ 参数有差异,,call_duration,from,
493,Live直播系统 (Live System),pwa_live_state,✅ 已实现,✅ 已实现,src/hooks/useLive.ts:20,src/prod/live/LiveProvider.tsx:227,⚠️ 参数有差异,"from_state, to_state",,live_state,
494,Live直播系统 (Live System),pwa_live_keep_earning,✅ 已实现,✅ 已实现,src/hooks/useLive.ts:48,src/prod/live/LivePage.tsx:411 | src/prod/live/LiveTab.tsx:186,两端均无参数,,,,
495,Live直播系统 (Live System),pwa_live_earning_click,✅ 已实现,✅ 已实现,src/pages/Live/PreLiveView.tsx:39,src/prod/live/LiveTab.tsx:228,✅ 参数一致,,,tabId,
498,Live直播系统 (Live System),pwa_stop_live,✅ 已实现,✅ 已实现,src/hooks/useLive.ts:41,src/prod/live/LivePage.tsx:401 | src/prod/live/LiveTab.tsx:174,两端均无参数,,,,
500,Live直播系统 (Live System),pwa_golive_enter,✅ 已实现,✅ 已实现,src/pages/Live/PreLiveView.tsx:31,src/prod/live/LiveTab.tsx:288,⚠️ 参数有差异,"cashout_stage, is_app",,,
501,Live直播系统 (Live System),pwa_golive_mock_trigger,✅ 已实现,✅ 已实现,src/pages/Live/PreLiveView.tsx:113,src/prod/live/LiveTab.tsx:361,⚠️ 参数有差异,"cashout_stage, mock_count, stage_price",,isShowGuide,
502,Live直播系统 (Live System),pwa_golive_download_apk_click,✅ 已实现,✅ 已实现,src/pages/Live/PreLiveView.tsx:81 | src/pages/Live/PreLiveView.tsx:91,src/prod/live/LiveTab.tsx:299 | src/prod/live/LiveTab.tsx:309,⚠️ 参数有差异,trigger_reason,,,
503,视频通话扩展 (Video Call Extended),pwa_call_push_show,⚠️ 已定义未调用,✅ 已实现,,src/prod/live/call/AVCallContext.tsx:422,—,,,,
504,视频通话扩展 (Video Call Extended),pwa_call_push_click,⚠️ 已定义未调用,✅ 已实现,,src/prod/live/call/AVCallContext.tsx:556,—,,,,
505,视频通话扩展 (Video Call Extended),pwa_receive_call_request,✅ 已实现,✅ 已实现,src/components/ReceiveCallModal.tsx:166,src/prod/live/call/AVCallContext.tsx:492,⚠️ 参数有差异,"call_type, price_per_minute, remote_user_id",,,
507,视频通话扩展 (Video Call Extended),pwa_call_start,✅ 已实现,✅ 已实现,src/utils/webCallManager.tsx:297,src/prod/live/call/AVCallContext.tsx:618 | src/prod/live/call/AVCallContext.tsx:1291,⚠️ 参数有差异,"remote_user_id, room_id",,enter_user,
508,视频通话扩展 (Video Call Extended),pwa_call_end,✅ 已实现,⚠️ 已定义未调用,src/utils/webCallManager.tsx:479,,—,,,,
509,视频通话扩展 (Video Call Extended),pwa_call_user_enter,✅ 已实现,⚠️ 已定义未调用,src/utils/webCallManager.tsx:461,,—,,,,
510,视频通话扩展 (Video Call Extended),pwa_call_user_leave,✅ 已实现,⚠️ 已定义未调用,src/utils/webCallManager.tsx:524,,—,,,,
511,视频通话扩展 (Video Call Extended),pwa_call_remote_video_available,✅ 已实现,⚠️ 已定义未调用,src/utils/webCallManager.tsx:416,,—,,,,
512,视频通话扩展 (Video Call Extended),pwa_call_remote_audio_available,✅ 已实现,⚠️ 已定义未调用,src/utils/webCallManager.tsx:423,,—,,,,
515,视频通话扩展 (Video Call Extended),pwa_call_fullscreen_popup_show,✅ 已实现,✅ 已实现,src/components/ReceiveCallModal.tsx:173,src/prod/live/ReceiveCallModal.tsx:87,⚠️ 参数有差异,"audio, video",,,
516,视频通话扩展 (Video Call Extended),pwa_call_fullscreen_popup_click,✅ 已实现,✅ 已实现,src/components/ReceiveCallModal.tsx:89 | src/components/ReceiveCallModal.tsx:101,src/prod/live/ReceiveCallModal.tsx:205 | src/prod/live/call/AVCallContext.tsx:2353,✅ 参数一致,,,result,
517,视频通话扩展 (Video Call Extended),pwa_call_retain_popup_show,✅ 已实现,✅ 已实现,src/components/FinalWarningModal.tsx:24,src/prod/live/ReceiveCallModal.tsx:209,⚠️ 参数有差异,"popup_name, type",,,
518,视频通话扩展 (Video Call Extended),pwa_call_retain_popup_click,✅ 已实现,✅ 已实现,src/components/FinalWarningModal.tsx:77 | src/components/FinalWarningModal.tsx:91,src/prod/live/ReceiveCallModal.tsx:307 | src/prod/live/call/AVCallContext.tsx:970 | src/prod/live/call/FinalWarningModal.tsx:59 … (+1),⚠️ 参数有差异,"action, type",,result,
519,视频通话扩展 (Video Call Extended),pwa_call_real_time_violation_pop_up_show,✅ 已实现,✅ 已实现,src/components/ViolationLimitModal.tsx:94,src/prod/live/call/AVCallContext.tsx:1369,⚠️ 参数有差异,"rejected_count, warning_message","current_call_duration, current_violation_pop_up_minute, current_violation_pop_up_time, roomid, target_user_id, violation_type",,
520,视频通话扩展 (Video Call Extended),pwa_call_real_time_deduct_Earnings,✅ 已实现,✅ 已实现,src/components/ViolationLimitModal.tsx:162 | src/components/ViolationLimitModal.tsx:178,src/prod/live/call/AVCallContext.tsx:2628,⚠️ 参数有差异,"action, rejected_count","current_call_duration, current_deduct_minute, roomid, target_user_id, violation_type",,
521,视频通话扩展 (Video Call Extended),pwa_video_call_hangup,✅ 已实现,⚠️ 已定义未调用,src/utils/webCallManager.tsx:262,,—,,,,
522,视频通话扩展 (Video Call Extended),pwa_video_call_connecting_show,✅ 已实现,⚠️ 已定义未调用,src/components/ConnectingHint.tsx:37,,—,,,,
523,视频通话扩展 (Video Call Extended),pwa_video_call_quit_dialog_show,✅ 已实现,⚠️ 已定义未调用,src/components/ExitCallModal.tsx:82,,—,,,,
524,视频通话扩展 (Video Call Extended),pwa_video_call_quit_dialog_end_call_click,✅ 已实现,⚠️ 已定义未调用,src/components/ExitCallModal.tsx:233,,—,,,,
526,视频通话扩展 (Video Call Extended),pwa_video_call_quit_dialog_keep_earing_click,✅ 已实现,⚠️ 已定义未调用,src/components/ExitCallModal.tsx:241,,—,,,,
527,语音通话 (Voice Call),pwa_voice_call_received,⚠️ 已定义未调用,⚠️ 已定义未调用,,,—,,,,
530,语音通话 (Voice Call),pwa_voice_call_connecting_show,✅ 已实现,⚠️ 已定义未调用,src/pages/AudioCall/index.tsx:34,,—,,,,
535,聊天功能扩展 (Chat Extended),pwa_chats_list_show,✅ 已实现,✅ 已实现,src/pages/Chats.tsx:58,src/prod/chat/ChatPage.tsx:20,两端均无参数,,,,
536,聊天功能扩展 (Chat Extended),pwa_chat_conversation_click,✅ 已实现,✅ 已实现,src/components/ChatItem.tsx:49 | src/pages/Chats.tsx:105,src/prod/chat/conv/ConversationItem.tsx:101,⚠️ 参数有差异,"conversation_id, intimacy_num, unread_count",reward_type,"target_user_id, target_user_type",
537,聊天功能扩展 (Chat Extended),pwa_chat_detail_show,✅ 已实现,✅ 已实现,src/pages/ChatDetail/index.tsx:94,src/prod/chat/chat_detail/ChatContext.tsx:544,⚠️ 参数有差异,conversation_id,,"from_jump_next, target_user_id, target_user_type",
538,聊天功能扩展 (Chat Extended),pwa_chat_control_status_change,⚠️ 已定义未调用,✅ 已实现,,src/prod/chat/autopilot/RecommendReplyContext.tsx:331,—,,,,
539,聊天功能扩展 (Chat Extended),pwa_chat_profile_card_click,✅ 已实现,✅ 已实现,src/pages/ChatDetail/ChatTopCard.tsx:83,src/prod/chat/chat_detail/ChatTopCard.tsx:78,✅ 参数一致,,,"earning_value, target_user_id, target_user_type, total_earning_value",
540,聊天功能扩展 (Chat Extended),pwa_waiting_reward_show,✅ 已实现,✅ 已实现,src/components/showRewardModal.tsx:34,src/prod/chat/chat_detail/ChatAwardView.tsx:164 | src/prod/games/GameAwardView.tsx:158,⚠️ 参数有差异,"earned, origin_balance","source, target_user_id, target_user_type, total_earning_value",earning_value,
541,聊天功能扩展 (Chat Extended),pwa_waiting_reward_click,✅ 已实现,✅ 已实现,src/components/showRewardModal.tsx:100,src/prod/chat/chat_detail/ChatAwardView.tsx:249 | src/prod/games/GameAwardView.tsx:242,⚠️ 参数有差异,"action, earned","source, target_user_id, target_user_type, total_earning_value",earning_value,
542,聊天功能扩展 (Chat Extended),pwa_jump_next_reward_click,✅ 已实现,✅ 已实现,src/pages/ChatDetail/ChatNextUnreadButton.tsx:36,src/prod/chat/chat_detail/UnreadConversationManager.ts:249,✅ 参数一致,,,"target_user_id, target_user_type",
543,游戏系统 (Game System),pwa_game_round_start,⚠️ 已定义未调用,✅ 已实现,,src/prod/games/turn/TurnTable.tsx:87 | src/prod/games/scratch/ScratchCard.tsx:471 | src/prod/games/slot/components/SlotMachine.tsx:97,—,,,,
544,游戏系统 (Game System),pwa_game_round_end,⚠️ 已定义未调用,✅ 已实现,,src/prod/games/turn/TurnTable.tsx:122 | src/prod/games/scratch/ScratchCard.tsx:152 | src/prod/games/slot/components/SlotMachine.tsx:131,—,,,,
545,游戏系统 (Game System),pwa_game_compensation_receive,⚠️ 已定义未调用,✅ 已实现,,src/prod/games/GameProvider.tsx:198,—,,,,
546,游戏系统 (Game System),pwa_game_to_message_click,⚠️ 已定义未调用,✅ 已实现,,src/prod/games/CircleIcons.tsx:112,—,,,,
555,Mock测试系统 (Mock Testing),pwa_mock_call_receive,✅ 已实现,✅ 已实现,src/utils/mockCallManager.ts:169,src/hooks/useTestVideo/index.tsx:114,⚠️ 参数有差异,"mock_type, price, remaining_count, source, video_id",price_per_min,,
556,Mock测试系统 (Mock Testing),pwa_mock_call_answer,✅ 已实现,✅ 已实现,src/utils/mockCallManager.ts:205,src/prod/live/call/AVCallContext.tsx:1925 | src/prod/live/call/AVCallContext.tsx:1975,⚠️ 参数有差异,"mock_type, order_id, video_id","Pwa_live_sate, action_type, call_id, call_source, price_per_min",,
557,Mock测试系统 (Mock Testing),pwa_mock_subsidy_trigger,✅ 已实现,✅ 已实现,src/hooks/useMockCallTask.ts:158,src/hooks/useTestVideoTask/index.ts:165,✅ 参数一致,,,"duration, price_per_min, reason",
558,Mock测试系统 (Mock Testing),pwa_mock_result,✅ 已实现,✅ 已实现,src/utils/mockCallManager.ts:235,src/prod/live/call/AVCallContext.tsx:1746 | src/prod/live/call/AVCallContext.tsx:1943 | src/prod/live/call/AVCallContext.tsx:1983,⚠️ 参数有差异,"duration, mock_type, order_id, result, video_id","Pwa_live_sate, call_id, call_source, pass, price_per_min, reason",,
559,Mock测试系统 (Mock Testing),pwa_fake_call,⚠️ 已定义未调用,✅ 已实现,,src/prod/chat/context/IMManager.ts:756,—,,,,
560,Mock测试系统 (Mock Testing),pwa_waiting_detection_enter,✅ 已实现,✅ 已实现,src/hooks/useDispatchDetection.ts:65,src/prod/live/LiveTab.tsx:137,两端均无参数,,,,
561,Mock测试系统 (Mock Testing),pwa_waiting_detection_mock_sent,✅ 已实现,✅ 已实现,src/hooks/useDispatchDetection.ts:68,src/prod/live/LiveTab.tsx:134,两端均无参数,,,,
562,Mock测试系统 (Mock Testing),pwa_waiting_detection_mock_state,⚠️ 已定义未调用,✅ 已实现,,src/prod/live/call/AVCallContext.tsx:1901 | src/prod/live/call/AVCallContext.tsx:2019,—,,,,
564,Mock测试系统 (Mock Testing),pwa_test_video_result,✅ 已实现,✅ 已实现,src/hooks/useMockCall.tsx:410,src/prod/classify/VideoGuideProvider.tsx:48 | src/prod/classify/ClassifyContext.tsx:125 | src/prod/classify/ClassifyContext.tsx:204 … (+1),⚠️ 参数有差异,"duration, face_rate, has_spoken, order_id, result, source, video_id","pass_test_video_reword, pwa_type, rejection_details, test_result",,
572,提现流程扩展 (Cashout Extended),pwa_cashout_result,✅ 已实现,✅ 已实现,src/components/showCashoutModal.tsx:279 | src/components/showCashoutModal.tsx:299,src/prod/cashout/CashOutAnimModalProvider.tsx:404,⚠️ 参数有差异,,"total_cashout_value, total_income","cashout_value, result, source, task_stage",
573,提现流程扩展 (Cashout Extended),pwa_cashout_button_click,✅ 已实现,✅ 已实现,src/pages/Cashout/StageTaskContainer.tsx:48,src/prod/chat/chat_order/ChatOrderList.tsx:87 | src/prod/income/IncomePage.tsx:103 | src/prod/earnings/EarningsPage.tsx:384 … (+1),⚠️ 参数有差异,stage_amount,,source,
575,提现流程扩展 (Cashout Extended),pwa_cashout_method_click,✅ 已实现,✅ 已实现,src/pages/Cashout/PaymentMethodCard.tsx:64,src/prod/cashout/CashoutPageV2.tsx:337 | src/prod/cashout/CashoutPageV2.tsx:351 | src/prod/cashout/CashoutPageV2.tsx:365 … (+1),✅ 参数一致,,,type,
576,提现流程扩展 (Cashout Extended),pwa_cashout_method_toast,✅ 已实现,✅ 已实现,src/pages/Cashout/PaymentMethodCard.tsx:104 | src/pages/Cashout/PaymentMethodCard.tsx:128 | src/pages/Cashout/PaymentMethodCard.tsx:152,src/prod/cashout/CashoutPageV2.tsx:350 | src/prod/cashout/CashoutPageV2.tsx:364 | src/prod/cashout/CashoutPageV2.tsx:378,⚠️ 参数有差异,message,,type,
577,提现流程扩展 (Cashout Extended),pwa_cashout_method_result,✅ 已实现,✅ 已实现,src/pages/Cashout/PaymentMethodCard.tsx:79 | src/pages/Cashout/PaymentMethodCard.tsx:98 | src/pages/Cashout/PaymentMethodCard.tsx:122 … (+1),src/prod/cashout/CashOutAnimModal.tsx:310,⚠️ 参数有差异,"message, result",Result,type,
578,提现流程扩展 (Cashout Extended),pwa_cashout_popover_show,✅ 已实现,✅ 已实现,src/components/PaymentInfoModal.tsx:58,src/prod/cashout/CashOutAnimModal.tsx:102,⚠️ 参数有差异,payment_method,source,"cashout_value, is_bind_paypal, task_stage",
579,提现流程扩展 (Cashout Extended),pwa_cashout_popover_click,✅ 已实现,✅ 已实现,src/components/PaymentInfoModal.tsx:70,src/prod/cashout/CashOutAnimModal.tsx:186,⚠️ 参数有差异,"action_text, payment_method",source,"cashout_value, is_bind_paypal, task_stage",
580,提现流程扩展 (Cashout Extended),pwa_cashout_accountpage_show,✅ 已实现,✅ 已实现,src/components/BindPaypalModal.tsx:34,src/prod/cashout/CashOutAnimModal.tsx:242,两端均无参数,,,,
581,提现流程扩展 (Cashout Extended),pwa_cashout_accountpage_confirm,✅ 已实现,✅ 已实现,src/components/BindPaypalModal.tsx:46,src/prod/cashout/CashOutAnimModal.tsx:319,⚠️ 参数有差异,,email,,
582,提现流程扩展 (Cashout Extended),pwa_cashout_animeflow_show,✅ 已实现,✅ 已实现,src/components/AnimatedModalContainer.tsx:29,src/prod/cashout/CashOutAnimModal.tsx:411,两端均无参数,,,,
583,提现流程扩展 (Cashout Extended),pwa_cashout_paypal_fail,✅ 已实现,✅ 已实现,src/components/showCashoutModal.tsx:87,src/prod/cashout/CashUtils.ts:46 | src/prod/cashout/PaypalResultPage.tsx:66 | src/prod/cashout/PaypalResultPage.tsx:78 … (+1),⚠️ 参数有差异,"amount, email, error_type","cunEmail, message, oldEmail, paypal",,
589,提现流程扩展 (Cashout Extended),pwa_paypal_login_success,✅ 已实现,✅ 已实现,src/components/showCashoutModal.tsx:78,src/prod/cashout/CashOutAnimModal.tsx:315,⚠️ 参数有差异,amount,userinfo,email,
590,电话号码流程 (Phone Number),pwa_onboarding_phone_page_show,✅ 已实现,✅ 已实现,src/pages/Onboarding/Phone.tsx:25,src/prod/onboarding/VerifyPhoneNumberPage/index.tsx:106,两端均无参数,,,,
591,电话号码流程 (Phone Number),pwa_onboarding_phone_page_next_click,✅ 已实现,✅ 已实现,src/pages/Onboarding/Phone.tsx:39,src/prod/onboarding/VerifyPhoneNumberPage/index.tsx:140,✅ 参数一致,,,phone_number,
592,电话号码流程 (Phone Number),pwa_onboarding_phone_confirm_modal_show,✅ 已实现,✅ 已实现,src/pages/Onboarding/Phone.tsx:48,src/prod/onboarding/VerifyPhoneNumberPage/index.tsx:143,两端均无参数,,,,
593,电话号码流程 (Phone Number),pwa_onboarding_phone_confirm_modal_confirm_click,✅ 已实现,✅ 已实现,src/pages/Onboarding/Phone.tsx:79,src/prod/onboarding/VerifyPhoneNumberPage/index.tsx:181,✅ 参数一致,,,phone_number,
594,电话号码流程 (Phone Number),pwa_onboarding_phone_confirm_modal_edit_click,✅ 已实现,✅ 已实现,src/pages/Onboarding/Phone.tsx:92,src/prod/onboarding/VerifyPhoneNumberPage/index.tsx:167,两端均无参数,,,,
595,电话号码流程 (Phone Number),pwa_onboarding_phone_page_confirm,✅ 已实现,✅ 已实现,src/pages/Onboarding/Phone.tsx:85,src/prod/onboarding/VerifyPhoneNumberPage/index.tsx:72,两端均无参数,,,,
596,其他业务事件,pwa_home_page_tab_show,✅ 已实现,✅ 已实现,src/pages/Home/index.tsx:23,src/prod/earnings/EarningsPage.tsx:218,两端均无参数,,,,
597,其他业务事件,pwa_home_page_tab_click,✅ 已实现,✅ 已实现,src/components/TabBar.tsx:74,src/prod/home/Home.tsx:84,两端均无参数,,,,
598,其他业务事件,pwa_home_cash_guided_task_show,✅ 已实现,✅ 已实现,src/pages/Home/CashoutTaskList.tsx:62,src/prod/task/InitialTasks.tsx:77,✅ 参数一致,,,task_stage,
599,其他业务事件,pwa_home_cash_guided_task_click,✅ 已实现,✅ 已实现,src/pages/Home/CashoutTaskList.tsx:94,src/prod/task/InitialTasks.tsx:236,✅ 参数一致,,,"task_name, task_stage",
600,其他业务事件,pwa_home_cash_guided_task_result,✅ 已实现,✅ 已实现,src/hooks/useTask.ts:246,src/hooks/useTask/index.ts:249,⚠️ 参数有差异,,"dh_id, target_user_id, task_stage, total_earning_value","earning_value, task_name",
602,其他业务事件,pwa_settlement_popup_view,✅ 已实现,✅ 已实现,src/components/CallRecordModal.tsx:150,src/prod/live/call/AVCallContext.tsx:783,✅ 参数一致,,,"deducted_minutes, earnings",
603,其他业务事件,pwa_revenue_window_show,✅ 已实现,✅ 已实现,src/components/CallRecordModal.tsx:155,src/prod/chat/chat_detail/ChatDetail.tsx:268 | src/prod/chat/chat_detail/ChatDetail.tsx:279 | src/prod/ins/InsTaskDetail.tsx:40 … (+5),✅ 参数一致,,,"count, source",
610,其他业务事件,pwa_open_in_apk_click,✅ 已实现,✅ 已实现,src/utils/openApk.ts:45,src/utility/Utils.ts:646 | src/utility/Utils.ts:668,两端均无参数,,,,
611,其他业务事件,pwa_not_installed_when_input_age,⚠️ 已定义未调用,✅ 已实现,,src/prod/onboarding/OnboardingAge/index.tsx:114,—,,,,
620,其他业务事件,pwa_onboarding_avatar_upload_button_click,✅ 已实现,✅ 已实现,src/pages/Me/Avatar.tsx:307,src/prod/onboarding/OnboardingPhoto/index.tsx:97,两端均无参数,,,,
622,其他业务事件,pwa_perm_ig_authorization,✅ 已实现,⚠️ 已定义未调用,src/components/showInsModal.tsx:45,,—,,,,
623,转化漏斗详细流程 (Conversion Funnel Details),pwa_conv_banner1_show,⚠️ 已定义未调用,✅ 已实现,,src/prod/onboarding/OnboardingWaiting.tsx:17,—,,,,
624,转化漏斗详细流程 (Conversion Funnel Details),pwa_conv_banner1_clickButton,⚠️ 已定义未调用,⚠️ 已定义未调用,,,—,,,,
625,转化漏斗详细流程 (Conversion Funnel Details),pwa_conv_banner2_show,⚠️ 已定义未调用,✅ 已实现,,src/prod/onboarding/OnboardingWaiting.tsx:45,—,,,,
626,转化漏斗详细流程 (Conversion Funnel Details),pwa_conv_banner2_clickButton,⚠️ 已定义未调用,⚠️ 已定义未调用,,,—,,,,
627,转化漏斗详细流程 (Conversion Funnel Details),pwa_conv_banner3_show,⚠️ 已定义未调用,✅ 已实现,,src/prod/onboarding/OnboardingWaiting.tsx:72,—,,,,
628,转化漏斗详细流程 (Conversion Funnel Details),pwa_conv_banner3_clickButton,⚠️ 已定义未调用,⚠️ 已定义未调用,,,—,,,,
629,转化漏斗详细流程 (Conversion Funnel Details),pwa_conv_install_web_show,✅ 已实现,✅ 已实现,activity/installToClaim.js:26,src/prod/install/InstallToClaimPage.tsx:107,两端均无参数,,,,
630,转化漏斗详细流程 (Conversion Funnel Details),pwa_conv_install_web_clickButton,✅ 已实现,✅ 已实现,activity/installToClaim.js:71,src/prod/install/InstallToClaimPage.tsx:76,✅ 参数一致,,,scene,
635,转化漏斗详细流程 (Conversion Funnel Details),pwa_conv_download_apk_pop_show,✅ 已实现,✅ 已实现,src/components/showApkDownloadModal.tsx:59,src/prod/task_detail/index.tsx:63,两端均无参数,,,,
636,转化漏斗详细流程 (Conversion Funnel Details),pwa_conv_download_apk_pop_clickButton,✅ 已实现,✅ 已实现,src/components/showApkDownloadModal.tsx:78,src/prod/task_detail/install_apk_task_detail.tsx:61,两端均无参数,,,,
637,转化漏斗详细流程 (Conversion Funnel Details),pwa_conv_set_name_show,✅ 已实现,✅ 已实现,src/pages/Onboarding/Username.tsx:42,src/prod/onboarding/OnboardingUsername/index.tsx:47,⚠️ 参数有差异,,"trackConfig, user_plan",,
638,转化漏斗详细流程 (Conversion Funnel Details),pwa_conv_set_name_clickButton,✅ 已实现,✅ 已实现,src/pages/Onboarding/Username.tsx:92,src/prod/onboarding/OnboardingUsername/index.tsx:105,⚠️ 参数有差异,user_name,,,
639,转化漏斗详细流程 (Conversion Funnel Details),pwa_conv_set_age_show,✅ 已实现,✅ 已实现,src/pages/Onboarding/Age.tsx:30,src/prod/onboarding/OnboardingAge/index.tsx:34,两端均无参数,,,,
640,转化漏斗详细流程 (Conversion Funnel Details),pwa_conv_set_age_clickButton,✅ 已实现,✅ 已实现,src/pages/Onboarding/Age.tsx:66,src/prod/onboarding/OnboardingAge/index.tsx:184,⚠️ 参数有差异,user_age,,,
641,转化漏斗详细流程 (Conversion Funnel Details),pwa_conv_upload_photo_show,✅ 已实现,✅ 已实现,src/pages/Onboarding/Photo.tsx:42,src/prod/onboarding/OnboardingPhoto/index.tsx:49,两端均无参数,,,,
642,转化漏斗详细流程 (Conversion Funnel Details),pwa_conv_upload_photo_album_click,✅ 已实现,✅ 已实现,src/pages/Onboarding/Photo.tsx:97,src/prod/onboarding/OnboardingPhoto/index.tsx:278,两端均无参数,,,,
643,转化漏斗详细流程 (Conversion Funnel Details),pwa_conv_upload_photo_camera_click,✅ 已实现,✅ 已实现,src/pages/Onboarding/Photo.tsx:95,src/prod/onboarding/OnboardingPhoto/index.tsx:287,两端均无参数,,,,
644,转化漏斗详细流程 (Conversion Funnel Details),pwa_conv_upload_photo_success,✅ 已实现,✅ 已实现,src/pages/Onboarding/Photo.tsx:206,src/prod/onboarding/OnboardingPhoto/index.tsx:87,⚠️ 参数有差异,"message, success",,,
645,转化漏斗详细流程 (Conversion Funnel Details),pwa_conv_upload_photo_clickButton,✅ 已实现,✅ 已实现,src/pages/Onboarding/Photo.tsx:218,src/prod/onboarding/OnboardingPhoto/index.tsx:101,两端均无参数,,,,
646,转化漏斗详细流程 (Conversion Funnel Details),pwa_conv_phone_page_show,✅ 已实现,✅ 已实现,src/pages/Onboarding/Phone.tsx:26,src/prod/onboarding/VerifyPhoneNumberPage/index.tsx:107,两端均无参数,,,,
647,转化漏斗详细流程 (Conversion Funnel Details),pwa_conv_phone_page_clickButton,✅ 已实现,✅ 已实现,src/pages/Onboarding/Phone.tsx:42,src/prod/onboarding/VerifyPhoneNumberPage/index.tsx:138,⚠️ 参数有差异,phone_number,,,
648,转化漏斗详细流程 (Conversion Funnel Details),pwa_conv_phone_pop_cancel,✅ 已实现,✅ 已实现,src/pages/Onboarding/Phone.tsx:93,src/prod/onboarding/VerifyPhoneNumberPage/index.tsx:165,两端均无参数,,,,
649,转化漏斗详细流程 (Conversion Funnel Details),pwa_conv_phone_pop_confirm,✅ 已实现,✅ 已实现,src/pages/Onboarding/Phone.tsx:80,src/prod/onboarding/VerifyPhoneNumberPage/index.tsx:178,⚠️ 参数有差异,phone_number,,,
650,转化漏斗详细流程 (Conversion Funnel Details),pwa_conv_cash_ready_pop_show,✅ 已实现,✅ 已实现,src/components/CashoutReminderModal.tsx:48,src/prod/cashout/CashOutAnimModal.tsx:113,两端均无参数,,,,
651,转化漏斗详细流程 (Conversion Funnel Details),pwa_conv_cash_ready_pop_clickButton,✅ 已实现,✅ 已实现,src/components/CashoutReminderModal.tsx:82,src/prod/cashout/CashOutAnimModal.tsx:194,两端均无参数,,,,
652,转化漏斗详细流程 (Conversion Funnel Details),pwa_conv_google_login_go,✅ 已实现,✅ 已实现,src/pages/Onboarding/Username.tsx:50,src/utility/GoogleAuthUtils.ts:23,两端均无参数,,,,
653,转化漏斗详细流程 (Conversion Funnel Details),pwa_conv_google_login_success,✅ 已实现,✅ 已实现,src/hooks/useGoogleAuth.ts:181,src/hooks/useGoogleAuth/index.ts:109 | src/utility/GoogleAuthUtils.ts:88,✅ 参数一致,,,"success, userId",
654,转化漏斗详细流程 (Conversion Funnel Details),pwa_conv_google_login_fail,✅ 已实现,✅ 已实现,src/hooks/useGoogleAuth.ts:92,src/hooks/useGoogleAuth/index.ts:91 | src/hooks/useGoogleAuth/index.ts:97 | src/hooks/useGoogleAuth/index.ts:112 … (+7),✅ 参数一致,,,"error, success",
655,转化漏斗详细流程 (Conversion Funnel Details),pwa_conv_link_pop_cancel,✅ 已实现,✅ 已实现,src/hooks/useGoogleAuth.ts:139,src/hooks/useGoogleAuth/index.ts:173,两端均无参数,,,,
656,转化漏斗详细流程 (Conversion Funnel Details),pwa_conv_link_pop_overwrite,✅ 已实现,✅ 已实现,src/hooks/useGoogleAuth.ts:144,src/hooks/useGoogleAuth/index.ts:146,两端均无参数,,,,
658,转化漏斗详细流程 (Conversion Funnel Details),pwa_conv_paypal_page_show,✅ 已实现,✅ 已实现,src/components/BindPaypalModal.tsx:35,src/prod/cashout/CashOutAnimModal.tsx:244,两端均无参数,,,,
659,转化漏斗详细流程 (Conversion Funnel Details),pwa_conv_paypal_page_clickButton,✅ 已实现,✅ 已实现,src/components/BindPaypalModal.tsx:49,src/prod/cashout/CashOutAnimModal.tsx:307,两端均无参数,,,,
660,转化漏斗详细流程 (Conversion Funnel Details),pwa_conv_cash_success_pop_show,✅ 已实现,✅ 已实现,src/components/CashoutSuccessModal.tsx:25,src/prod/cashout/CashOutAnimModal.tsx:413,两端均无参数,,,,
661,转化漏斗详细流程 (Conversion Funnel Details),pwa_conv_cash_success_page_show,✅ 已实现,✅ 已实现,src/components/CashoutSuccessModal.tsx:24,src/prod/cashout/CashOutAnimModal.tsx:568,两端均无参数,,,,
662,转化漏斗详细流程 (Conversion Funnel Details),pwa_conv_keep_earning_clickButton,✅ 已实现,✅ 已实现,src/components/CashoutSuccessModal.tsx:58,src/prod/cashout/CashOutAnimModal.tsx:590 | src/prod/cashout/CashOutAnimModal.tsx:603,两端均无参数,,,,
663,转化漏斗详细流程 (Conversion Funnel Details),pwa_conv_video_rules_pop_show,✅ 已实现,✅ 已实现,src/components/VideoGuide.tsx:32,src/prod/classify/VideoGuide.tsx:12 | src/hooks/useVideoGuide/index.tsx:32,两端均无参数,,,,
664,转化漏斗详细流程 (Conversion Funnel Details),pwa_conv_video_rules_next1_click,✅ 已实现,✅ 已实现,src/components/VideoGuide.tsx:38,src/prod/classify/VideoGuide.tsx:17,两端均无参数,,,,
665,转化漏斗详细流程 (Conversion Funnel Details),pwa_conv_video_rules_next2_click,✅ 已实现,✅ 已实现,src/components/VideoGuide.tsx:42,src/prod/classify/VideoGuide.tsx:20,两端均无参数,,,,
666,转化漏斗详细流程 (Conversion Funnel Details),pwa_conv_call1_invited_page_show,✅ 已实现,✅ 已实现,src/hooks/useMockCall.tsx:102,src/prod/live/call/AVCallContext.tsx:1571,两端均无参数,,,,
667,转化漏斗详细流程 (Conversion Funnel Details),pwa_conv_call1_cancel_click,✅ 已实现,✅ 已实现,src/hooks/useMockCall.tsx:126,src/prod/live/call/AVCallContext.tsx:1969,两端均无参数,,,,
668,转化漏斗详细流程 (Conversion Funnel Details),pwa_conv_call1_video_click,✅ 已实现,✅ 已实现,src/hooks/useMockCall.tsx:115,src/prod/live/call/AVCallContext.tsx:1934,两端均无参数,,,,
669,转化漏斗详细流程 (Conversion Funnel Details),pwa_conv_call1_play_success,✅ 已实现,✅ 已实现,src/hooks/useMockCall.tsx:249,src/prod/classify/CallTestVideoView.tsx:74,两端均无参数,,,,
671,转化漏斗详细流程 (Conversion Funnel Details),pwa_conv_call1_settle_clickButton,✅ 已实现,✅ 已实现,src/hooks/useMockCall.tsx:463,src/prod/live/call/AVCallContext.tsx:802,两端均无参数,,,,
674,转化漏斗详细流程 (Conversion Funnel Details),pwa_conv_call1_end_click,✅ 已实现,✅ 已实现,src/pages/MockCall/index.tsx:70,src/prod/classify/CallTestPage.tsx:82 | src/prod/classify/CallTestPage.tsx:100,两端均无参数,,,,
675,转化漏斗详细流程 (Conversion Funnel Details),pwa_conv_call1_end_confirm,✅ 已实现,✅ 已实现,src/pages/MockCall/index.tsx:48,src/prod/classify/CallTestPage.tsx:205,两端均无参数,,,,
676,转化漏斗详细流程 (Conversion Funnel Details),pwa_conv_call2_invited_page_show,✅ 已实现,✅ 已实现,src/hooks/useMockCall.tsx:104,src/prod/live/call/AVCallContext.tsx:1568,两端均无参数,,,,
677,转化漏斗详细流程 (Conversion Funnel Details),pwa_conv_call2_cancel_click,✅ 已实现,✅ 已实现,src/hooks/useMockCall.tsx:128,src/prod/live/call/AVCallContext.tsx:1972,⚠️ 参数有差异,,"Pwa_live_sate, action_type, call_id, call_source, price_per_min",,
678,转化漏斗详细流程 (Conversion Funnel Details),pwa_conv_call2_video_click,✅ 已实现,✅ 已实现,src/hooks/useMockCall.tsx:117,src/prod/live/call/AVCallContext.tsx:1937,两端均无参数,,,,
679,转化漏斗详细流程 (Conversion Funnel Details),pwa_conv_call2_play_success,✅ 已实现,✅ 已实现,src/hooks/useMockCall.tsx:251,src/prod/classify/CallTestVideoView.tsx:71,两端均无参数,,,,
685,转化漏斗详细流程 (Conversion Funnel Details),pwa_conv_settle_fail_no_voice_show,✅ 已实现,✅ 已实现,src/hooks/useMockCall.tsx:361,src/prod/live/call/AVCallContext.tsx:1848,两端均无参数,,,,
,,ad_ClickButton,⚠️ 已定义未调用,❌ 缺失,,,—,,,,
,,ad_pwa_conv_lp_show,✅ 已实现,❌ 缺失,activity/getallmylinks.js:25,,—,,,,
,,ad_RegisterPageView,✅ 已实现,❌ 缺失,src/pages/Onboarding/Username.tsx:44,,—,,,,
,,ad_pwa_conv_lp_clickButton,✅ 已实现,❌ 缺失,activity/getallmylinks.js:57,,—,,,,
,,pwa_server_fake_call_request,🖥️  服务端,🖥️  服务端,,,—,,,,
,,pwa_server_fake_call_failed,🖥️  服务端,🖥️  服务端,,,—,,,,
,,ad_pwa_conv_banner1_show,⚠️ 已定义未调用,❌ 缺失,,,—,,,,
,,ad_ClickInstall,⚠️ 已定义未调用,❌ 缺失,,,—,,,,
,,ad_Installed,✅ 已实现,❌ 缺失,src/services/pwaInstall.ts:69 | activity/installToClaim.js:162,,—,,,,
,,ad_pwa_conv_install_web_show,✅ 已实现,❌ 缺失,activity/installToClaim.js:29,,—,,,,
,,ad_pwa_conv_banner2_show,⚠️ 已定义未调用,❌ 缺失,,,—,,,,
,,ad_pwa_conv_banner1_clickButton,⚠️ 已定义未调用,❌ 缺失,,,—,,,,
,,ad_pwa_conv_banner3_show,⚠️ 已定义未调用,❌ 缺失,,,—,,,,
,,ad_pwa_conv_banner2_clickButton,⚠️ 已定义未调用,❌ 缺失,,,—,,,,
,,pwa_open_apk,⚠️ 已定义未调用,❌ 缺失,,,—,,,,
,,ad_WithdrawComplete_Stage1,⚠️ 已定义未调用,❌ 缺失,,,—,,,,
,,ad_pwa_conv_banner3_clickButton,⚠️ 已定义未调用,❌ 缺失,,,—,,,,
,,ad_ApkDownloadComplete,✅ 已实现,❌ 缺失,src/utils/downloadUtils.ts:9,,—,,,,
,,ad_pwa_conv_install_web_clickButton,✅ 已实现,❌ 缺失,activity/installToClaim.js:74,,—,,,,
,,pwa_start_foreground_service,🖥️  服务端,🖥️  服务端,,,—,,,,
,,ad_pwa_conv_install_web_pop_show,✅ 已实现,❌ 缺失,activity/installToClaim.js:89,,—,,,,
,,ad_pwa_conv_install_web_pop_clickButton,✅ 已实现,❌ 缺失,activity/installToClaim.js:101,,—,,,,
,,pwa_server_fake_call_success,🖥️  服务端,🖥️  服务端,,,—,,,,
,,ad_FaceVerifyComplete,✅ 已实现,❌ 缺失,src/contexts/FaceIdContext.tsx:230,,—,,,,
,,pwa_voice_transcript_init,✅ 已实现,❌ 缺失,src/components/VoiceRecordModalContent.tsx:140,src/prod/live/call/VoiceModerationManager.ts:225,⚠️ 参数有差异,"task_id, voice_type","caller, room_id",,
,,pwa_voice_transcription_start,⚠️ 已定义未调用,❌ 缺失,,src/prod/live/call/AVCallContext.tsx:1412,—,,,,
,,pwa_voice_transcription_start_success,⚠️ 已定义未调用,❌ 缺失,,src/prod/live/call/AVCallContext.tsx:1421,—,,,,
,,pwa_voice_transcript_stop,✅ 已实现,❌ 缺失,src/components/VoiceRecordModalContent.tsx:250,src/prod/live/call/VoiceModerationManager.ts:545,⚠️ 参数有差异,"task_id, voice_type","has_content, has_message_id, room_id",,
,,ad_MockOrderComplete,✅ 已实现,❌ 缺失,src/hooks/useMockCall.tsx:435,,—,,,,
,,pwa_voice_transcript_im_matched,⚠️ 已定义未调用,❌ 缺失,,src/prod/chat/context/IMManager.ts:136,—,,,,
,,pwa_voice_transcript_upload_attempt,✅ 已实现,❌ 缺失,src/components/VoiceRecordModalContent.tsx:182,src/prod/live/call/voiceTranscriptUtils.ts:58,⚠️ 参数有差异,"duration, task_id, voice_type","has_message_id, room_id",,
,,pwa_voice_transcript_upload_success,✅ 已实现,❌ 缺失,src/components/VoiceRecordModalContent.tsx:207,src/prod/live/call/voiceTranscriptUtils.ts:74,⚠️ 参数有差异,"duration, task_id, voice_type",room_id,,
,,pwa_voice_transcript_first_message,⚠️ 已定义未调用,❌ 缺失,,src/prod/live/call/VoiceModerationManager.ts:282,—,,,,
,,pwa_call_begin_from_native,🖥️  服务端,🖥️  服务端,,src/prod/live/call/AVCallContext.tsx:2704,—,,,,
,,pwa_native_call_end,✅ 已实现,🖥️  服务端,src/utils/webCallManager.tsx:270,src/prod/live/call/AVCallContext.tsx:2806,⚠️ 参数有差异,"remote_user_id, room_id","has_voice_data, peer_user_id, voice_text_count, voice_text_length","call_type, duration",
,,pwa_call_begin_web,✅ 已实现,❌ 缺失,src/utils/webCallManager.tsx:304,src/prod/live/call/AVCallContext.tsx:2085,⚠️ 参数有差异,"call_type, remote_user_id",,room_id,
,,pwa_native_voice_data_received,🖥️  服务端,🖥️  服务端,,src/prod/live/call/AVCallContext.tsx:2926,—,,,,
,,pwa_voice_transcript_cleanup,✅ 已实现,❌ 缺失,src/components/VoiceRecordModalContent.tsx:261,src/store/voiceTranscript/voiceTranscriptActions.ts:45,⚠️ 参数有差异,"task_id, voice_type","has_content, has_message_id, is_complete, room_id",,
,,ad_WithdrawComplete_Stage2,⚠️ 已定义未调用,❌ 缺失,,,—,,,,
,,pwa_video_call_poor_connection_detected,⚠️ 已定义未调用,❌ 缺失,,,—,,,,
,,pwa_script_action,🖥️  服务端,🖥️  服务端,,,—,,,,
,,join_hatching_pool,🖥️  服务端,🖥️  服务端,,,—,,,,
,,ad_WithdrawComplete_Stage3,⚠️ 已定义未调用,❌ 缺失,,,—,,,,
,,join_the_racing_pool,🖥️  服务端,🖥️  服务端,,,—,,,,
,,ad_WithdrawComplete_Stage4,⚠️ 已定义未调用,❌ 缺失,,,—,,,,
,,ad_WithdrawComplete_Stage7,⚠️ 已定义未调用,❌ 缺失,,,—,,,,
,,ad_pwa_conv_download_apk_pop_show,✅ 已实现,❌ 缺失,src/components/showApkDownloadModal.tsx:60,,—,,,,
,,the_racing_pool_settle_hour_wage,🖥️  服务端,🖥️  服务端,,,—,,,,
,,ad_WithdrawComplete_Stage5,⚠️ 已定义未调用,❌ 缺失,,,—,,,,
,,ad_pwa_conv_download_apk_pop_clickButton,✅ 已实现,❌ 缺失,src/components/showApkDownloadModal.tsx:79,,—,,,,
,,ad_WithdrawComplete_Stage6,⚠️ 已定义未调用,❌ 缺失,,,—,,,,
,,join_main_flow_pool,🖥️  服务端,🖥️  服务端,,,—,,,,
,,pwa_voice_transcript_upload_error,✅ 已实现,❌ 缺失,src/components/VoiceRecordModalContent.tsx:224,src/prod/live/call/voiceTranscriptUtils.ts:90,⚠️ 参数有差异,"message, task_id, voice_type",room_id,error,
,,disuse_pool,🖥️  服务端,🖥️  服务端,,,—,,,,
,,pwa_voice_transcription_start_error,⚠️ 已定义未调用,❌ 缺失,,src/prod/live/call/AVCallContext.tsx:1434,—,,,,
,,pwa_searching_orde_popup_show,⚠️ 已定义未调用,✅ 已实现,,src/prod/live/LiveProvider.tsx:262,—,,,,
,,pwa_searching_order_popup_click,⚠️ 已定义未调用,✅ 已实现,,src/prod/live/LiveProvider.tsx:267 | src/prod/live/VideoCallInviteModal.tsx:29,—,,,,
,,pwa_fake_call_back_popup_show,✅ 已实现,✅ 已实现,src/hooks/useMissCall.tsx:30,src/prod/live/LiveProvider.tsx:109,两端均无参数,,,,
,,pwa_fake_call_back_result,✅ 已实现,✅ 已实现,src/components/MissedCallsModal.tsx:97 | src/components/MissedCallsModal.tsx:99 | src/components/MissedCallsModal.tsx:105,src/prod/live/MissedCallsModal.tsx:122,⚠️ 参数有差异,result,,,
,,pwa_voice_transcript_upload_failed,✅ 已实现,❌ 缺失,src/components/VoiceRecordModalContent.tsx:196,src/prod/live/call/voiceTranscriptUtils.ts:81,⚠️ 参数有差异,"error, task_id, voice_type","error_code, room_id",,
,,pwa_fake_call_back_popup_dislike_click,✅ 已实现,✅ 已实现,src/components/MissedCallsModalStack.tsx:146 | src/components/MissedCallsModal.tsx:104,src/prod/live/MissedCallsModalStack.tsx:112,⚠️ 参数有差异,user_id,,maleUserId,
,,pwa_searching_order_popup_result,⚠️ 已定义未调用,✅ 已实现,,src/prod/live/VideoCallInviteModal.tsx:39 | src/prod/live/VideoCallInviteModal.tsx:43,—,,,,
,,pwa_fake_call_back_popup_callback_click,✅ 已实现,✅ 已实现,src/components/MissedCallsModal.tsx:92,src/prod/live/MissedCallsModal.tsx:127,✅ 参数一致,,,user_id,
,,ins_query_user_misc,✅ 已实现,🖥️  服务端,src/http/insApi.ts:108,,—,,,,
,,pwa_voice_transcription_start_failed,⚠️ 已定义未调用,❌ 缺失,,src/prod/live/call/AVCallContext.tsx:1426,—,,,,
,,generate_ins_message,🖥️  服务端,🖥️  服务端,,,—,,,,
,,pwa_audio_call_started,✅ 已实现,🖥️  服务端,src/utils/webCallManager.tsx:318,,—,,,,
,,pwa_ins_text_earn,⚠️ 已定义未调用,❌ 缺失,,,—,,,,
,,ins_message_send,🖥️  服务端,🖥️  服务端,,,—,,,,
,,get_ins_chat_reward,✅ 已实现,🖥️  服务端,src/http/insApi.ts:60,,—,,,,
,,pwa_auto_call_task_disabled,🖥️  服务端,🖥️  服务端,,src/prod/live/call/AutoCallContext.tsx:274,—,,,,
,,pwa_male_onboarding_page_show,⚠️ 已定义未调用,❌ 缺失,,,—,,,,
